{
  "formatVersion": 1,
  "database": {
    "version": 27,
    "identityHash": "4c65aef518538cee6b0a4de5ceb1bd73",
    "entities": [
      {
        "tableName": "external_subtitles_table",
        "createSql": "CREATE TABLE IF NOT EXISTS `${TABLE_NAME}` (`uri` TEXT NOT NULL, `media_name` TEXT NOT NULL, PRIMARY KEY(`uri`))",
        "fields": [
          {
            "fieldPath": "uri",
            "columnName": "uri",
            "affinity": "TEXT",
            "notNull": true
          },
          {
            "fieldPath": "mediaName",
            "columnName": "media_name",
            "affinity": "TEXT",
            "notNull": true
          }
        ],
        "primaryKey": {
          "columnNames": [
            "uri"
          ],
          "autoGenerate": false
        },
        "indices": [],
        "foreignKeys": []
      },
      {
        "tableName": "SLAVES_table",
        "createSql": "CREATE TABLE IF NOT EXISTS `${TABLE_NAME}` (`slave_media_mrl` TEXT NOT NULL, `slave_type` INTEGER NOT NULL, `slave_priority` INTEGER NOT NULL, `slave_uri` TEXT NOT NULL, PRIMARY KEY(`slave_media_mrl`))",
        "fields": [
          {
            "fieldPath": "mediaPath",
            "columnName": "slave_media_mrl",
            "affinity": "TEXT",
            "notNull": true
          },
          {
            "fieldPath": "type",
            "columnName": "slave_type",
            "affinity": "INTEGER",
            "notNull": true
          },
          {
            "fieldPath": "priority",
            "columnName": "slave_priority",
            "affinity": "INTEGER",
            "notNull": true
          },
          {
            "fieldPath": "uri",
            "columnName": "slave_uri",
            "affinity": "TEXT",
            "notNull": true
          }
        ],
        "primaryKey": {
          "columnNames": [
            "slave_media_mrl"
          ],
          "autoGenerate": false
        },
        "indices": [],
        "foreignKeys": []
      },
      {
        "tableName": "fav_table",
        "createSql": "CREATE TABLE IF NOT EXISTS `${TABLE_NAME}` (`uri` TEXT NOT NULL, `type` INTEGER NOT NULL, `title` TEXT NOT NULL, `icon_url` TEXT, PRIMARY KEY(`uri`))",
        "fields": [
          {
            "fieldPath": "uri",
            "columnName": "uri",
            "affinity": "TEXT",
            "notNull": true
          },
          {
            "fieldPath": "type",
            "columnName": "type",
            "affinity": "INTEGER",
            "notNull": true
          },
          {
            "fieldPath": "title",
            "columnName": "title",
            "affinity": "TEXT",
            "notNull": true
          },
          {
            "fieldPath": "iconUrl",
            "columnName": "icon_url",
            "affinity": "TEXT",
            "notNull": false
          }
        ],
        "primaryKey": {
          "columnNames": [
            "uri"
          ],
          "autoGenerate": false
        },
        "indices": [],
        "foreignKeys": []
      }
    ],
    "setupQueries": [
      "CREATE TABLE IF NOT EXISTS room_master_table (id INTEGER PRIMARY KEY,identity_hash TEXT)",
      "INSERT OR REPLACE INTO room_master_table (id,identity_hash) VALUES(42, \"4c65aef518538cee6b0a4de5ceb1bd73\")"
    ]
  }
}